id,lang,answer_ending,label (context_request / generic_offer / none)
0,en,"discounts online. Dealnews: Experts hand-pick and verify the lowest current prices from reputable retailers. Woot!: An Amazon-run daily deals site featuring steep, limited-time price cuts on tech and home goods. 🛍️ Top Retailers for Deep Discounts Walmart: Consistently low everyday prices, rollbacks, and seasonal clearance on general merchandise. Nordstrom Rack: Deep online markdowns (up to 80% off) on designer brands and apparel. eBay: The ""Today's Deals"" section offers major percentage-off discounts on brand-name goods. To help narrow down the best store or deal for you, tell me: What type of product are you looking for (electronics, clothing, home goods, etc.)? What is your target budget?",
2,uk,"ості на їхніх власних складах, безкоштовно доставляють у фірмові точки видачі вже на наступний день. Торгсофт EVA.ua та MakeUp — лідери у сфері краси. Вони мають власні кур'єрські служби у великих містах, які часто привозять замовлення наступного дня або навіть у день оформлення. Інтернет-магазини з відправкою через Нову Пошту — будь-який онлайн-магазин (наприклад, Фокстрот, Comfy або сотні дрібних продавців), який оформлює ТТН та передає товар перевізнику до 16:00–18:00. Нова Пошта доставляє такі посилки між великими містами України за 24 години. soncotton.com.ua +1 Щоб дізнатися, де саме вам буде найшвидше зробити покупку, підкажіть: який саме товар ви шукаєте та в якому місті перебуваєте?",
7,uk," замовлень і регулярними акціями. Фокстрот: Один із лідерів ринку техніки з офіційною гарантією, програмами лояльності та зручною онлайн-оплатою. АЛЛО: Популярний ритейлер смарт-техніки, гаджетів та електроніки з оперативною доставкою. COMFY +2 Сервіси для порівняння цін Hotline: Зручний інструмент для порівняння цін в інтернет-магазинах України, перегляду реальних відгуків покупців та історії зміни вартості товарів. E-Katalog: Допомагає знайти найкращу ціну на конкретну модель техніки серед тисяч продавців. Hotline +1 Розкажіть, яку саме техніку ви шукаєте (наприклад, смартфон, холодильник чи ноутбук) і який у вас бюджет, щоб я міг порадити конкретні моделі та магазини з найкращими умовами.",
8,en,"ivery windows and highly secure transit controls. Best for: Urgent, high-priority valuable shipments. WareSpace 💡 Essential Safety Tips for Valuables Add Extra Insurance: Never rely on basic liability cover; declare the true value and purchase supplemental transit insurance. Require a Signature: Always select options that mandate an in-person signature upon delivery. Discreet Packaging: Use plain, sturdy outer packaging without any labels or brand names hinting at the valuable contents inside. Post Office UK +2 If you can share the origin, destination, and type of item (e.g., jewelry, electronics, art), I can recommend the exact service tier or specialized courier best suited for your route.",
15,uk,"). Tabletki.ua +1 Аптека D.S. (партнерська/франчайзинг) Адреса: провулок Пилипчука, 1 (поблизу станції швидкої допомоги). Графік роботи: Цілодобово (24/7). Порада: Перед поїздкою вночі рекомендуємо зателефонувати або перевірити наявність та актуальний статус роботи через сервіси на кшталт Tabletki.ua, оскільки графік у період воєнного стану чи через енергоситуацію може змінюватися. Також деякі відділення мережі Подорожник працюють від генераторів до пізнього вечора або цілодобово за окремими адресами (наприклад, подекуди на житлових масивах). Подорожник +1 Якщо вам потрібні ліки в конкретному районі міста або ви шукаєте назву конкретного препарату, напишіть мені, і я перевірю його наявність.",
18,uk,"ні. Rozetka Prom.ua: Великий торговий майданчик, де представлені тисячі продавців із різноманітними господарчими товарами, органайзерами та декором. Торгсофт +1 Епіцентр (EpicentrK.ua): Зручний онлайн-гіпермаркет для купівлі всередині дому, ремонту, меблів та побутової техніки з доставкою або самовивозом. ХозСклад: Спеціалізований інтернет-магазин із великим асортиментом систем зберігання, текстилю, кухонного приладдя та аксесуарів. ХозСклад Якщо ви шукаєте щось конкретне, розкажіть: Які саме товари для дому вам потрібні (меблі, декор, текстиль, побутова хімія)? Чи важлива для вас безкоштовна доставка або наявність фізичного пункту видачі у Хмельницькому? Я допоможу обрати найкращий варіант!",
21,uk,"оль домашніх ліків Ні Є (нагадування про термін придатності) Обов'язкова реєстрація Не потрібна Потрібна для збереження бонусів Альтернативи, на які варто звернути увагу Apteki.ua: Головний конкурент Таблеток. Зручний тим, що дозволяє замовляти ліки списком в одній аптеці або купувати ліки частинами (наприклад, один блістер чи ампулу). Google Play Аптека Бажаємо здоров'я: Має лаконічний та дуже простий інтерфейс, який чудово підходить для людей старшого віку, оскільки не перевантажений зайвими функціями. Apple Яким саме функціям ви надаєте перевагу — порівнянню цін у різних аптеках чи накопиченню бонусів в одній улюбленій мережі? Напишіть, і я допоможу обрати найкращий варіант під ваш запит!",
26,en,"quirement. DontPayFull +1 Minimum Spending Thresholds Walmart: Provides free shipping and delivery on eligible orders over $35. Best Buy: Grants free standard delivery on orders over $35 (minimum spend waived for My Best Buy members). Macy's: Offers free shipping on orders of $25 or more. Shopbop: Features free delivery on orders over $40. Forever 21: Ships for free on purchases of $50 or more. Planet Express +3 If you're looking for something specific, let me know: What type of items you plan to buy (groceries, clothing, electronics, etc.) Whether you need local delivery or international shipping Your preferred budget or minimum spend I can narrow down the stores that best match your needs.",
30,uk,"ім'я аптек Farmacia за допомогою зручного чат-боту у Viber. Facebook·Аптечна професійна асоціація України - АПАУ +1 Liki24.com: На сайті сервісу в розділі «Контакти» працює онлайн-чат із реальним фахівцем, де можна обрати опцію «Консультація фармацевта» (зазвичай доступно удень). ШОТАМ Фармацевти допомагають дізнатися про наявність ліків, їхні аналоги та ціни. Для призначення рецептурних препаратів чи серйозного лікування зверніться до лікаря (наприклад, через сервіси на зразок Helsi чи Doc.ua). Аптечна Професійна Асоціація України +4 Якщо вас цікавить конкретне питання — наприклад, пошук аналога ліків чи наявність препарату в Хмельницькому, розкажіть детальніше, і я допоможу зорієнтуватися.",
32,en," pharmacy, health, and beauty brands like Walgreens, Boots, and Duane Reade. Pharmaoffer.com +1 CVS Health: Manages nearly 9,900 retail locations in the United States alongside extensive health and wellness services, offering a massive inventory of pharmaceuticals and general merchandise. Wikipedia +1 Dr. Max Group: Serves as a leading and rapidly growing European pharmacy network with over 3,300 outlets spanning multiple countries, stocking a diverse mix of pharmaceuticals, dermocosmetics, and health items. Geekplus robotics +1 If you are looking for a pharmacy with the widest product range in a specific country or local region, please let me know which area you are located in or targeting!",
34,en,"o hours; no membership required, though service fees and item markups apply. Rolling Stone +2 Amazon Fresh Best for: Prime members wanting integrated, scheduled delivery. Freshness Details: Uses insulated bags during transit to keep meat, seafood, produce, and dairy at proper temperatures. Delivery/Cost: One to two-hour delivery windows available in eligible cities; free for Prime members on orders over $35. NBC News +2 To help narrow down the best service for you, please let me know: What types of fresh products you order most often (produce, meat, specialty items) Your preferred budget or subscription preference Whether you want to shop from local neighborhood stores or a specific retailer",
35,uk," портали (наприклад, «Дія»), які використовують захищені платіжні системи (LiqPay, Fondy, WayForPay). iPay.ua +3 Поради для безпечних платежів Використовуйте окрему віртуальну картку для покупок в інтернеті та тримайте на ній мінімум коштів. Завжди перевіряйте адресу сайту (наявність значка замка та протоколу https://). Підтверджуйте операції через 3D-Secure (одноразовий пароль з SMS чи додатку банку). Нікому й ніколи не повідомляйте CVV-код (три цифри на звороті), пін-код та повні паролі від банкінгу. Portmone.com +3 Якщо ви хочете дізнатися більше, скажіть: Який саме платіж або покупку ви збираєтеся здійснити? Яким банком ви користуєтеся? Я підкажу найкращий і найбезпечніший спосіб оплати.",
37,uk,"має 1 день між обласними центрами та великими містами. Meest Пошта та Укрпошта: Доставляють по Україні трохи довше — переважно від 2 до 5 днів залежно від напрямку. Нова пошта Термінова доставка по місту (експрес) Якщо потрібна доставка за лічені години в межах одного міста (наприклад, у Хмельницькому), найшвидшими є спеціалізовані кур'єрські сервіси: iPOST: Доставка від 30–60 хвилин. Uklon Delivery: Швидка доставка містом день у день. Glovo: Термінова доставка їжі, документів та дрібних речей за 30–45 хвилин. ipost.ua +1 Якщо ви розкажете: Звідки і куди потрібно доставити посилку? Це відправлення між містами чи по місту? Я підкажу найбільш вигідний і швидкий варіант саме для вашого випадку.",
42,uk,"Категорій Особливості асортименту Аптека АНЦ Понад 33 000 SKU Величезний вибір імпортних та рідкісних ліків онлайн, розвинена система інтернет-замовлень. Мед-Сервіс 121 товарна категорія Найбільш диверсифікований асортимент, великий вибір медичної техніки та товарів для мам і малюків. Аптека Подорожник Понад 25 000 SKU Базовий асортимент у кожній точці завдяки широкій географії, розвинені ВТМ (власні торгові марки). Аптека 9-1-1 100 товарних категорій Потужний сервіс пошуку аналогів ліків та замовлення дефіцитних медикаментів. Який саме тип товарів (рідкісні рецептурні ліки, лікувальна косметика, медтехніка чи дитяче харчування) ви шукаєте? Я підкажу, в якій мережі його вибір буде найкращим.",
43,en,"Reliability Ownership Structure: State ownership provides ultimate sovereign guarantees on retail deposits. Foreign-capital banks rely on deep-pocketed international parent groups. cib.com.ua +1 Liquidity Margins: Look for robust instant liquidity indicators and prudent non-performing loan management. OTP Bank, Ukraine +1 Systemic Importance: The National Bank of Ukraine classifies these institutions as critical pillars for the national economy. Благодійний фонд «Твоя опора» To help tailor this to your needs, please share: Are you looking to open a daily account, place a deposit, or handle business banking? Do you prefer a bank with physical branches in Khmelnytskyi or purely online banking?",
46,en,"Tehnoprostir What to Check Before You Buy Warranty Card: Ensure the seller provides a stamped paper or digital warranty card listing the serial number and purchase date. Fiscal Receipt: Keep your sales receipt, as it serves as a valid proof of purchase for warranty service and returns under consumer protection laws. Authorized Service: Confirm that the brand has a certified service center in Ukraine to handle repairs smoothly. Торгсофт +4 If you tell me: What specific device you are looking to buy (smartphone, laptop, home appliance, etc.) Your preferred budget range Whether you prefer local pickup in Khmelnytskyi or delivery I can help you pinpoint the best current availability and pricing.",
48,uk,"міста, але найнижчі ціни зазвичай пропонують дискаунтери, такі як Аптека Низьких Цін (АНЦ), Аптека Доброго Дня чи сервіси порівняння цін на кшталт Tabletki.ua. Щоб знайти найкращу ціну на конкретний препарат у Хмельницькому: Користуйтеся онлайн-агрегаторами, такими як Tabletki.ua, де можна порівняти вартість в аптеках вашого району. Оформлюйте замовлення чи бронь через інтернет — у багатьох мережах (наприклад, «Подорожник» чи АНЦ) ціна при онлайн-резервуванні нижча, ніж безпосередньо в касі. Звертайте увагу на акції та програми лояльності конкретних мереж. Якщо ви напишете назву вітамінів, які вам потрібні, я допоможу перевірити актуальні ціни та наявність у найближчих аптеках Хмельницького.",
55,uk,"вто, кафе тощо)? Чи плануєте користуватися кредитними коштами, чи тільки власними? Wallet Pro Найкращі кешбеки по категоріях - Wallet Pro 17 вер. 2026 р. — ❗Категорії та розміри кешбеків у деяких банках (ПУМБ, ПриватБанк, Sense bank, Raiffeisen bank та інші) можуть бути індивідуальними... КОШТ ТОП банків для кешбеку у червні - Кошт Медіа 1 черв. 2026 р. — ... які дають кешбек на ту чи інші категорію. Обрано лише найкращі пропозиції банків – ті, які дають кращий від стандарту кешбек. ... tabfinance.com.ua Кешбек від банків України - TAB Finance 1 січ. 2026 р. — * Новини * Огляди * Кешбек * Корисне * Банки * Бонуси ... Кешбек від банків України Кешбек на січень 2026. Порівняння пропозицій «...",
72,en,"liability and extensive branch access. privatbank.ua +1 ✅ PrivatBank Security: State-owned backing Market Share: Largest in Ukraine Accessibility: Wide branch and ATM network Simplicity: Intuitive mobile app privatbank.ua +2 💡 Monobank (Universal Bank) Type: Digital-first mobile banking Yield: Competitive deposit rates Fees: Low or zero maintenance fees Convenience: Fast online account opening ТСН +2 📊 Financial Example Deposit Amount: 100,000 UAH Annual Rate: 15% gross return Tax Deduction: 19.5% state tax and levy Net Annual Return: ~12,075 UAH To provide a more tailored recommendation, please share: Your preferred currency (UAH, USD, or EUR) Whether you need instant access or a fixed term",
80,en,"ий талон) with serial numbers
4. **Verify serial numbers** on manufacturer websites when possible
5. **Avoid suspiciously low prices** on marketplaces like OLX or Prom.ua unless from verified official sellers

## Online Marketplaces (Use Caution)
- **Prom.ua** – Check for ""Офіційний дилер"" badge
- **Rozetka** – Filter by official store sellers, avoid random third-party listings

## Red Flags to Avoid
- Gray market imports (""сірий імпорт"") — often lack official Ukrainian warranty service
- Deals significantly below market price
- Sellers who can't provide warranty documentation in Ukrainian

Would you like recommendations for a specific type of electronics (phones, laptops, appliances, etc.)?",
94,en,"ar in major cities
- **Bolt Food** – similar to Glovo, delivers from partner grocery stores
- **Zakaz.ua** – aggregates delivery from multiple supermarket chains (Fora, Auchan, and others)

## Things to Consider
1. **Your city matters** – availability varies significantly between Kyiv, Lviv, Kharkiv, Odesa, and smaller towns
2. **Current situation** – service availability may be affected by security conditions in your specific region
3. **Payment options** – check whether they accept cards, cash on delivery, etc.

**Could you tell me which city you're in?** I can give more specific recommendations, since not all services operate everywhere, especially depending on regional safety conditions.",
95,uk,"можливістю бронювання
- Мережа власних аптек по Україні

## Сайти популярних аптечних мереж

- **АНЦ** (anc.ua)
- **Бажаємо здоров'я** (apteka.pharm.zt.ua)
- **Подорожник** (podorozhnyk.ua)
- **Аптека низьких цін** (anc.ua)
- **9-1-1** (911.ua)
- **Копійка** (kopiyka.ua)

## Як це працює:

1. Вводите назву ліків у пошук
2. Обираєте своє місто/район
3. Система показує наявність в найближчих аптеках
4. Бронюєте потрібний товар
5. Забираєте в обраній аптеці протягом визначеного часу (зазвичай 1-3 дні)

## Порада

⚠️ Перед замовленням рецептурних препаратів перевірте умови — деякі сервіси вимагають фото рецепта або підтвердження при отриманні.

Хочете, підкажу конкретний сервіс для вашого міста?",
97,uk,"ечних мережах
- **apteka911.com.ua** — має функцію пошуку та порівняння

## Великі аптечні мережі варто перевірити

- Аптека низьких цін
- Аптека доброго дня
- Бажаємо здоров'я
- Подорожник
- Пульс

## Порада для економії

1. **Порівнюйте українських виробників** — вітаміни від Дарниця, Здоров'я, Стирол часто дешевші за імпортні аналоги при схожому складі
2. **Шукайте акції та знижки** — у мережевих аптеках часто є програми лояльності
3. **Замовляйте онлайн** — інтернет-аптеки іноді пропонують ціни нижчі за офлайн
4. **Купуйте великі упаковки** — часто вигідніше за ціною на одну таблетку

Хочете, підкажу, які саме вітаміни вас цікавлять — можу дати загальні орієнтири щодо цінового діапазону?",
100,uk,"ься в посилці
3. **Фото/відео фіксація** — зробіть фото вмісту перед пакуванням
4. **Якісне пакування** — використовуйте міцну упаковку, можливо додаткові послуги пакування від служби
5. **Підтвердження отримання** — оберіть опцію з підписом при отриманні
6. **Збереження документів** — квитанції, накладні, чеки

## Порада:
Для дуже цінних речей (ювелірні вироби, електроніка преміум-класу) розгляньте:
- Особисту передачу через довірену особу
- Спеціалізовані курьерські служби з посиленою охороною
- Банківські інкасаторські послуги (для особливо цінних предметів)

Що саме плануєте відправити? Можу дати більш конкретні рекомендації залежно від типу вмісту та маршруту (по Україні чи міжнародно).",
101,uk,"орювань

## Магазини та супермаркети
- Деякі мережі (наприклад, ""АТБ"", ""Ашан"" раніше) періодично проводять акційні дні для пенсіонерів
- Варто уточнювати у конкретному магазині у вашому місті

## Культура та відпочинок
- **Музеї, театри** — знижені ціни на квитки або безкоштовне відвідування в певні дні
- **Кінотеатри** — іноді пропонують пільгові сеанси

## Де дізнатись точну інформацію
1. **Центр соціальних служб** у вашому місті/районі
2. **Пенсійний фонд України** — консультації щодо пільг
3. **Сайт міської ради** вашого населеного пункту
4. **Управління соціального захисту населення**

---

📍 Якщо вкажете ваше місто, я можу дати більш конкретну інформацію про місцеві програми та знижки!",
107,uk," увагу при виборі:

1. **Тривалість грейс-періоду** — чим довше, тим краще (зазвичай 30-62 дні)
2. **Умови безкоштовного користування** — деякі банки вимагають повного погашення для збереження пільгового періоду
3. **Річна відсоткова ставка** після закінчення грейс-періоду
4. **Річне обслуговування картки** — є безкоштовні варіанти
5. **Кешбек та бонусні програми**
6. **Мінімальний обов'язковий платіж**

## Як оформити:

- **Онлайн** — через застосунок банку (monobank, ПриватБанк) — найшвидший спосіб
- **У відділенні** — з паспортом та ІПН

💡 **Порада:** Порівняйте умови на сайтах-агрегаторах (Мінфін, Finance.ua) перед вибором конкретного банку.

Хочете детальніше про якийсь конкретний банк?",
109,uk,"Comfy
- Foxtrot
- Інтернет-магазин одягу/взуття
- AliExpress
- Інший магазин

## Загальні орієнтири по популярних магазинах:

**Rozetka** — безкоштовна доставка Новою поштою при замовленні від певної суми (зазвичай від 1000+ грн, умови можуть змінюватись)

**Prom.ua** — залежить від конкретного продавця, кожен встановлює свої умови

**Епіцентр** — може бути безкоштовна доставка при покупці від певної суми або самовивіз з магазину

**Comfy/Foxtrot** — часто безкоштовна доставка техніки від певної суми замовлення

---

💡 Якщо назвете конкретний магазин, зможу дати точнішу інформацію або підказати, де це варто перевірити (зазвичай умови доставки вказані в розділі ""Доставка та оплата"" на сайті).",
117,uk,"кривалось гарантією ФГВФО

2. **Перевірте актуальний статус банку** на сайті НБУ (bank.gov.ua) — там є інформація про фінансовий стан і рейтинги

3. **Уточніть умови ФГВФО** на офіційному сайті fg.gov.ua — там є перелік банків-учасників та деталі покриття

4. **Розгляньте валютну диверсифікацію** — частину заощаджень тримати в гривні, частину — у стабільній валюті

⚠️ Я не можу дати персоналізовану фінансову консультацію та не володію інформацією в реальному часі про поточний фінансовий стан банків. Рекомендую перевірити свіжі дані на сайтах НБУ та ФГВФО, а також, за потреби, звернутись до фінансового консультанта.

Чи є конкретна сума або мета заощаджень, під яку потрібна детальніша порада?",
119,uk," (Monobank, ПриватБанк) дозволяють створити окрему картку для онлайн-покупок з лімітом коштів

2. **Увімкніть 3D Secure** — підтвердження платежу через SMS або push-повідомлення

3. **Не зберігайте дані картки** на сайтах, якщо не довіряєте їм повністю

4. **Перевіряйте суму** перед підтвердженням платежу

5. **Слідкуйте за списаннями** через мобільний банк

## На що звернути увагу

⚠️ Уникайте оплати:
- На сайтах з дуже підозріло низькими цінами
- Якщо просять дані картки поза формою оплати (наприклад, в чаті чи по телефону)
- На сайтах без HTTPS
- Якщо продавець наполягає на незвичних способах оплати

Якщо потрібна допомога з конкретним сервісом чи сайтом — можу дати більш детальну оцінку.",
123,en,"de:

- **Подорожник**
- **АНЦ**
- **Аптека Доброго Дня**
- **36,6**
- **Аптека 24**
- **Здорова Родина**

To find one near you:

1. Search Google Maps for:  
   - **“цілодобова аптека”**  
   - **“аптека 24 години”**

2. Use pharmacy aggregator sites/apps:
   - **apteka.ua / tabletki.ua**
   - **liki24.com**
   - **Doc.ua**  
   Many have a “цілодобові” / “24/7” filter.

3. Always call ahead to confirm. Hours can change due to martial law, curfews, or local restrictions.

Also note: even if a pharmacy is open 24/7, local **curfew rules** may still prevent you from being outside during certain hours.

If you tell me your city or district, I can help you find specific 24-hour pharmacies there.",
130,en,"convenience can vary.

**Useful tips for Ukraine:**  
- Use online aggregators like **Tabletki.ua** or **Apteka.net.ua**. They compare prices, show availability in specific cities (e.g., Kyiv, Lviv, Odesa), and let you reserve medicines online in a specific pharmacy.
- Many pharmacies in Ukraine require a prescription from a doctor for prescription-drug purchases (especially after 2023 rules for antibiotics). For over-the-counter needs, any listed chain will be fine.
- If you have a particular health issue, ask a local doctor or pharmacist for recommendations, as availability can vary by region and store.

Would you like me to help you find a specific medicine or compare prices in your city?",
138,en,"tal-only, so there are no physical branches.
- **PrivatBank** — the largest network, with branches everywhere, phone support, and online chat. Good if you need offline access or a wide range of services, but wait times can sometimes be longer.
- **Raiffeisen Bank Aval / UKRSIBBANK** — often praised for **in-branch service** and more personalized support, including better English-language assistance.

So if you want quick everyday support and don’t need branches, **monobank** is a strong choice. If you need face-to-face service or English support, **PrivatBank or Raiffeisen** may be safer.

What matters most to you — English-language support, physical branches, salary card, or mobile banking?",
142,en,"ed:
- An **electronic prescription** from your family doctor, therapist, or pediatrician.
- The prescription number and code — usually sent to your phone by SMS.

### How to find a participating pharmacy:
- Look for a sign/sticker on the pharmacy: **“Доступні ліки”** or **“Тут є Доступні ліки”**.
- Call the NHSU contact center: **16-77**.
- Check the official NHSU website: **nszu.gov.ua**.
- Use the official map of participating pharmacies: **liky.gov.ua**.
- Ask your doctor or local pharmacist.

Medicines under the program are fully or partially reimbursed, depending on the specific drug. You can use the prescription at any participating pharmacy — you are not tied to one specific location.",
147,uk,"бмінниками (P2P), але це вже сіра зона.

### Підсумок (що обрати?)
1.  **Для щоденних переказів фізособам (0 грн):** **monobank** або **Sense Bank**. Вони дають реальний нуль на перекази з картки на картку.
2.  **Для отримання зарплати та зняття готівки (без комісій):** ПриватБанк (найбільша мережа банкоматів), але для переказів він вже не найвигідніший.
3.  **Для пенсій чи мінімальних витрат:** **А-Банк** або **izibank** (нуль за обслуговування та безкоштовні перекази).

**Порада:** Зараз в Україні діє правило: рахунок можна відкрити в 5 хвилин онлайн. Найкраща стратегія — тримати основну картку в monobank (для переказів), а зняття готівки робити через ПриватБанк (там найбільше банкоматів).",
148,uk,"** — allo.ua  
- **MOYO** — moyo.ua  

Це офіційні мережі, тому там зазвичай є нормальна гарантія та можливість повернення.

Ще корисні майданчики:

- **Hotline.ua** — агрегатор цін. Тут зручно порівняти ціни на конкретну модель у різних магазинах.
- **Prom.ua** і **OLX** — маркетплейси, де можна знайти дешевше, але обов’язково перевіряйте рейтинг продавця, відгуки та умови гарантії.
- **Stylus.ua**, **Telemart.ua**, **Click.ua** — також відомі магазини електроніки.

Порада:  
Оберіть модель на **Hotline.ua**, подивіться ціни й відгуки, а купуйте там, де є офіційна гарантія і зрозумілі умови доставки. Оплата зазвичай можлива карткою або післяплатою через «Нову пошту», «Укрпошту» чи кур’єром.",
150,uk,"роші без проблем.

**Важливі поради, щоб повернення пройшло без проблем:**
1. **Зберігайте чек або електронний чек** — це головний документ для повернення.
2. **Не пошкоджуйте упаковку** і не використовуйте товар, якщо плануєте його повернути.
3. **Перевіряйте умови повернення на сайті магазину** — деякі категорії товарів (гігієнічні, ліки, продукти) можуть не підлягати поверненню.
4. **Якщо магазин відмовляє** — нагадайте про Закон «Про захист прав споживачів» (ст. 9) і зверніться до Держпродспоживслужби або суду.

Хоча «без проблем» — поняття суб’єктивне і залежить від конкретного випадку, перелічені мережі зазвичай дотримуються закону і мають хорошу репутацію у питаннях повернення коштів.",
155,en,"heir official Ukrainian/international sites for current online ordering and return rules.

### ✅ Tips for returns in Ukraine

- Keep the **receipt/invoice**, original **tags**, and **packaging**.  
- Ukrainian consumer law generally gives you at least **14 days** to return an online purchase if the item is unused and in original condition.  
- Many stores let you return via **Nova Poshta**, **Ukrposhta**, or courier.  
- Check each store’s page called **“Повернення” / “Доставка і оплата”** before ordering, because policies can change depending on your region.

If you want, I can help you narrow it down by budget, style, or whether you prefer local Ukrainian stores vs. international delivery.",
161,uk,"вас немає телефону, лікар видрукує інформаційну довідку з цими даними на папері).*

2. **Прийдіть до аптеки:**
   * Повідомте фармацевту 16-значний номер рецепта.

3. **Оберіть ліки:**
   * Фармацевт запропонує торгові назви ліків, які є в наявності і містять потрібну діючу речовину.
   * Ви зможете обрати повністю **безкоштовні ліки** або препарат іншого виробника **з невеликою доплатою**.

4. **Отримайте препарат:**
   * Назвіть фармацевту 4-значний код підтвердження з СМС (код погашення рецепта) та заберіть ліки.

*Примітка: під час воєнного стану, у разі відсутності світла або інтернету, лікарі також мають право виписувати звичайні **паперові рецепти**, і аптеки зобов'язані їх приймати.*",
167,uk,"еріодично тестує партнерські проекти). Тут досі домінують звичайні відділення.
* **Rozetka:** Має власні поштомати (і точки видачі), але вони призначені виключно для замовлень із їхнього маркетплейсу. Якщо ви часто купуєте на Rozetka — це мегазручно (і безкоштовно для більшості замовлень), але як універсальний поштовий сервіс це не працює.

---

### Підсумок: що обрати?

1. **Для щоденного комфорту (посилки по Україні, відправка):** Однозначно **«Нова пошта»**. За швидкістю, кількістю точок і зручністю додатку їм наразі немає рівних.
2. **Для замовлень з AliExpress та покупок з OLX (якщо хочете зекономити):** Варто спробувати **Meest**, якщо їхній поштомат є у вашому сусідньому супермаркеті.",
192,en," preservation capital in hard currencies. (You can legally purchase up to 50,000 UAH/month equivalent in foreign currency via banking apps for card accounts, or up to 200,000 UAH/month if placed on a 3-month term deposit).
3.  **Consider Military / Government Bonds (ОВДП):**
    *   Instead of standard bank deposits (which have a **19.5% tax** on the interest earned: 18% income tax + 1.5% military levy), consider buying **Ukrainian Domestic Government Bonds (OVDP)**.
    *   They are **100% state-guaranteed**, yield higher returns than standard deposits, and the income from them is **completely tax-free**.
    *   You can easily buy them via apps like **Diia**, **Privat24**, or **Monobank**.",
197,en,"can buy Ukrainian Government Bonds directly inside apps like **Diia (Дія)**, **monobank**, or **Privat24**.
    *   **Why they are better than deposits:**
        *   **0% tax** (Standard bank deposits are taxed at 18% Personal Income Tax + 1.5% Military Tax on earned interest; government bonds are completely tax-free).
        *   100% guaranteed by the Ministry of Finance.
        *   Often offer higher net yields than traditional bank savings accounts.
3.  **Split Large Sums:** If your savings exceed equivalent amounts you are comfortable holding in one place, split them: keep one part in a state bank (PrivatBank) and another in an international bank (e.g., UkrSibbank or Credit Agricole).",
202,uk,"ржавну програму.

4. **Для дорогих орфанних препаратів:** зверніться до профільного лікаря, обласного департаменту охорони здоров’я та пацієнтських організацій. Частина таких ліків закуповується централізовано або видається через лікарні. Наявність безоплатних препаратів у медзакладах можна також перевіряти через платформу **«Є ліки»**.

5. **Якщо препарат має бути безоплатним чи за програмою реімбурсації**, телефонуйте до НСЗУ: **16‑77**.

Не купуйте рецептурні препарати через Telegram, OLX чи з рук: є ризик підробки, неправильного зберігання та незаконного ввезення.

Напишіть **назву препарату, дозування, форму та місто/область** — я підкажу, де саме й за якою діючою речовиною його шукати.",
203,uk,"Це залежить від міста та комендантської години. Найчастіше пізно ввечері в Україні можна замовити через:

- **Glovo** — показує заклади, які зараз відкриті.
- **Bolt Food** — доступний у багатьох великих містах.
- **Власну доставку ресторанів** — піцерії, суші та мережі швидкого харчування нерідко працюють довше за інших.
- **Google Maps** — пошук «доставка їжі», фільтр **«Відкрито зараз»**, потім замовлення телефоном або на сайті.

Під час комендантської години доставка зазвичай не працює, а приймання замовлень може завершуватися за 30–60 хвилин до неї. Напишіть ваше **місто й район** — підкажу конкретні варіанти.",
205,en,"stest, especially when the item is in a local warehouse or available at a Rozetka pickup point—sometimes same day or next day in major cities.
- **Groceries and essentials:** **Glovo**, **Silpo**, or **NOVUS** can deliver within hours where available.
- **Cosmetics:** **MAKEUP** often offers same-day or next-day delivery in larger cities.
- **Home improvement:** **Epicentr** can be fast when stock is available locally.

For nationwide delivery, stores shipping from a nearby warehouse via **Nova Poshta** are usually quickest. Exact speed varies because of location, stock, curfews, and security conditions. If you tell me your **city and what you want to buy**, I can suggest the fastest option.",
208,en,"elivery.
- **Apteka Dobroho Dnia** — https://www.add.ua — courier/postal delivery where available.

Important:

- Delivery availability depends on your city, current security conditions, and the medicine.
- Prescription medicines may require a valid Ukrainian **e-prescription**; controlled medicines and temperature-sensitive products may have additional restrictions.
- Use only official sites and licensed pharmacies. You can verify a pharmacy through Ukraine’s **State Service on Medicines and Drugs Control**: https://www.dls.gov.ua
- For an urgent medical emergency, call **103**.

If you tell me your city and whether the medicine is prescription-only, I can narrow down the practical options.",
214,uk,"Найчастіше **найдешевше по Україні — «Укрпоштою»**, особливо якщо:

- посилка невелика або середня;
- доставка не термінова;
- одержувач живе в селі чи невеликому місті.

**«Нова пошта»** зазвичай дорожча, але швидша, має більше поштоматів і зручніше відстеження. **Meest Пошта** інколи вигідніша за акціями або для окремих міжнародних напрямків.

Для міжнародної доставки:
- невеликі й легкі відправлення — зазвичай **«Укрпошта»**;
- важкі посилки до Європи, США чи Канади — варто порівняти **Meest** та **Укрпошту**.

Точна ціна залежить від **міст відправлення й отримання, ваги, габаритів та оголошеної вартості**. Напишіть ці дані — я допоможу орієнтовно порівняти служби.",
225,en," or minimum fee for certain card-to-card transfers, depending on the card type.

There is no single cheapest option for every case:

- **Domestic card/IBAN transfer:** monobank is usually a strong choice.
- **Using credit funds:** fees are much higher at nearly all banks.
- **International transfer:** compare SWIFT fees, intermediary-bank fees, and the exchange-rate spread; wartime NBU restrictions may apply.
- **Transfer between your own accounts:** usually free.

Check the tariff page and the fee shown before confirming, since Ukrainian banks change tariffs frequently. If you specify **domestic or international, currency, destination country, and approximate amount**, I can narrow it down.",
228,uk,"и
- **Rozetka** — rozetka.com.ua  
- **COMFY** — comfy.ua  
- **Foxtrot** — foxtrot.com.ua  
- **MOYO** — moyo.ua  
- **ALLO** — allo.ua  
- **Citrus** — citrus.ua  

### Магазини комп’ютерної техніки
- **Telemart** — telemart.ua  
- **Brain** — brain.com.ua  
- **KTC** — ktc.ua  
- **ITbox** — itbox.ua  

### Для порівняння цін
- **Hotline** — hotline.ua  
- **E-Katalog** — ek.ua  

Раджу спочатку знайти модель через Hotline, а потім перевірити продавця, офіційну гарантію та умови повернення. На маркетплейсах на кшталт Rozetka звертайте увагу, **хто саме продавець** — сама Rozetka чи сторонній магазин. Також перевіряйте розкладку клавіатури, версію Windows і чи не продається ноутбук без ОС.",
231,en," Compare the **effective annual yield**, not only the advertised rate.
- Deposit interest is generally subject to **18% personal income tax plus 5% military levy**, so a 17% gross rate is roughly **13.09% net**.
- The deposit guarantee applies **per person, per bank**. During martial law, eligible individual deposits are generally guaranteed in full; verify current terms with Ukraine’s Deposit Guarantee Fund at `fg.gov.ua`.
- Also compare **UAH government bonds (ОВДП)**: their income is generally tax-exempt for individuals and can produce a better net return than a bank deposit.

The exact best choice depends mainly on whether you want **UAH, USD, or EUR** and a **3-, 6-, or 12-month** term.",
234,en,"name.
2. Whether the device is officially imported into Ukraine and has a **manufacturer/authorized-service warranty**.
3. Whether you receive a **fiscal receipt** and warranty documents.
4. The seller’s legal details, return address, and service procedure.
5. Serial number/IMEI, seals, package condition, and activation status.
6. Whether the unusually low price means a “gray” import, refurbished device, or store-only warranty.

**Recommendation:** For expensive electronics, buy from a specialized chain or an official marketplace seller. For accessories and lower-cost products, a reputable marketplace seller is usually fine. Avoid advance payment to little-known sellers outside the platform.",
237,en,"e** if required.
6. Pay for postage and keep the tracking number.

### Important restrictions

Do not send weapons, explosives, narcotics, cash, many aerosols or flammable liquids, and other prohibited goods. Restrictions often apply to:

- lithium batteries and power banks;
- medicines;
- alcohol and tobacco;
- food, seeds, plants, and animal products;
- antiques, artworks, and objects that may be considered cultural property;
- precious metals or jewelry.

The destination country may charge **import VAT or customs duty**, usually to the recipient. Rules and available routes can change, so check the carrier’s official prohibited-items list and shipping calculator immediately before sending.",
238,uk,"іків, бронювання/замовлення в аптеках, також є доставка.
- **[Аптека 9-1-1](https://apteka911.ua/ua)** — онлайн-замовлення та отримання у вибраній аптеці мережі.
- **[АНЦ](https://anc.ua/)** — бронювання на сайті або в застосунку з самовивозом.
- **[Подорожник](https://podorozhnyk.ua/)** — онлайн-замовлення й отримання в аптеці.
- **[Аптека Доброго Дня](https://www.add.ua/ua/)** — резервування препаратів із самовивозом.

Зазвичай потрібно вказати місто, знайти препарат, вибрати аптеку й дочекатися SMS-підтвердження. Перевірте термін резерву та кінцеву ціну — вони можуть відрізнятися між аптеками. Для рецептурних препаратів під час отримання може знадобитися **е-рецепт або паперовий рецепт**.",
240,en,"er of home appliances and electronics and **MOYO** lists over **40,000 certified products** from more than **350 manufacturers**.[9][15][1]

If you want the **widest electronics-only focus**, **MOYO** and **Comfy** are strong picks because they are national chains with large assortments and many stores across Ukraine.[1][4][15] **Foxtrot** is also one of the largest electronics and appliance chains by store count and sales volume.[3][6][14]

If you want the **single biggest general marketplace with electronics among many categories**, **Rozetka** is the most likely answer.[9][20]

If you tell me your city, I can point you to the **best local store or mall** with the largest selection nearby.",
243,uk,"я одного замовника.[6]
- **понад 10 т або спецтехніка** — зазвичай потрібна логістична компанія, що працює саме з великогабаритними перевезеннями.[2]
- якщо вантаж **виходить за межі кузова** або перевищує нормативи по ширині/висоті/довжині/масі, це вже **негабаритне перевезення**.[12][18]

Що робити найшвидше:
- описати **вагу, довжину, ширину, висоту**;
- вказати **маршрут**;
- уточнити, чи потрібні **завантаження/розвантаження, пакування, супровід, дозволи**;
- звернутися до перевізника, який має **трали / низькорамники / спецтехніку**.[1][10][16]

Якщо хочете, я можу **підібрати конкретний тип транспорту під ваш вантаж** — просто напишіть **вагу, розміри та місто відправлення/доставки**.",
255,uk,"нями.[15] У МОЗ і МЗУ також повідомляли про закупівлю інноваційних препаратів для пацієнтів із рідкісними та тяжкими захворюваннями.[4][7]

Практичний алгоритм:

- перевірити назву препарату в **ФармаЛад**, **Моя Аптека** або **Подорожник**;
- якщо ліки призначені лікарнею — перевірити **ЄЛіки / Liky UA** або сайт вашого медзакладу/обласного департаменту;
- зателефонувати в аптеку чи лікарню, бо дані про залишки можуть оновлюватися із затримкою;
- попросити лікаря підібрати **аналог за МНН** або альтернативу в межах тієї ж діючої речовини.[6][10]

Якщо хочете, я можу одразу скласти для вас **короткий список саме по вашому препарату**: напишіть **назву ліків, дозування і ваше місто/область**.",
260,en," directory also names night-duty pharmacies such as **Borsuk**, **Simeina Apteka**, **Edelweiss**, **Pulse**, and others, though the snippet does not clearly mark every one as 24/7.[4]

- **Odesa:**  
  - **Gaevsky and Popovsky Pharmacy** is described as working **24 hours a day, without days off and public holidays**.[5]

- **Uzhhorod:**  
  - The list shows several pharmacies marked **“Цілодобово”** (24 hours), including locations on **Poshtova Sq. 4**, **Sobranecka 118**, **Mynaiska 26**, **Svobody Ave. 52**, and **Mynaiska 71**.[1]

If you want, I can also give you a **city-by-city list for a specific Ukrainian city** or help you find the **nearest 24/7 pharmacy** based on your location.",
262,uk,"Якщо говорити саме про **найбільший асортимент**, то за наявними рейтингами лідирує **АНЦ**: у неї вказують близько **32 000 найменувань** ліків і товарів для здоров’я, а також понад **30 000 товарних пропозицій** у холдингу АНЦ.[2][12]

Для порівняння, **Подорожник** має близько **25 000 SKU**, а **Аптека 9-1-1** — близько **21 000** товарів.[2][10]

Якщо ж вам важлива **не ширина асортименту, а кількість аптек**, то найбільшою мережею в Україні є **Подорожник**.[7][12][13]

**Коротко:**  
- **Найбільший асортимент — АНЦ**.[2][12]  
- **Найбільша мережа за кількістю аптек — Подорожник**.[7][12][13]",
265,en,"8][3][7][5][4][16]

A few practical options from the results:

- **ROZETKA** — delivery to all of Ukraine, with pickup at Rozetka stores and courier options.[8]
- **ALLO** — delivery by Nova Post, UkrPoshta, and Meest across Ukraine, plus express delivery in some cities.[3]
- **Foxtrot** — delivers orders across Ukraine and offers free in-store pickup.[7]
- **Citrus** — offers delivery via Nova Poshta, Ukrposhta, courier, or store pickup.[5]
- **JustBuy** — advertises free delivery across Ukraine and has a Kyiv store.[4][14][17]
- **lifecell shop** — sells smartphones online in Ukraine.[16]

If you want, I can also help you choose the **best store by city**, **price**, or **delivery speed**.",
270,uk,"атеріал 2026 року теж ставить **АНЦ на 1 місце** серед аптек, де вигідніше купувати ліки.[6]
- Якщо орієнтуватися не на “найкращу”, а на **найбільшу мережу**, то у топ-5 за кількістю аптек згадують, зокрема, **Подорожник** та інші великі мережі.[2]

**Практично:**  
- **Найдешевше / вигідно** — часто дивляться на **АНЦ**.[1][6][15]
- **Добрий баланс асортименту й сервісу** — **Подорожник** або **Доброго Дня**.[3][7]
- **Щоб обрати саме у вашому місті**, краще порівняти **ціни на конкретні ліки** через агрегатори аптек, бо навіть у сильних мережах ціни й наявність відрізняються.[12][13][14]

Якщо хочете, я можу **підібрати найкращу аптеку саме для вашого міста або для конкретного препарату**.",
275,uk,"заправних мереж і отримала найвищий сукупний бал у порівняннях.[8][10][17]

Але якщо ви питаєте саме про **магазин**, а не АЗС, то в цих результатах немає однозначного загальноукраїнського рейтингу всіх супермаркетів. Є лише окремі згадки про **Сільпо** в огляді програм лояльності супермаркетів, але без фінального висновку в наданому фрагменті.[12]

Щоб відповісти точніше, варто звузити запит:
- **супермаркет**: Сільпо, АТБ, Novus, Metro, Varus
- **АЗС**: ОККО / WOG / Shell / KLO
- **банк/кредитка**: ПУМБ, Sense Bank тощо
- **онлайн-сервіси**: NovaPay, інші

Якщо хочете, я можу **порівняти програми лояльності конкретно супермаркетів в Україні** й сказати, де вигідніше саме для ваших покупок.",
